1	http://09spravki.ru/requisites.php
10	http://3pu.info/seo-tools/domains
1006	http://www.priroda.su/item/820
1007	http://www.prisnilos.su/znaki_zodiaka/strelets.html
1009	http://www.prohotel.ru/hotel-108042/0/
1010	http://www.proilim.ru/
1010	http://www.proilim.ru/e_plugins/forum/forum_viewtopic.php?2523.50
1010	http://www.proilim.ru/e_plugins/rss_menu/rss.php?8.3.2523.10
1010	http://www.proilim.ru/e_plugins/yellowpages/yellowpages.php?catview.112
1027	http://www.reklama-online.ru/gor.php?gor=277
103	http://cruiselinejob.ru/forum/3-178-3
1034	http://www.ru.all.biz/guide/hotels/?id=170
1035	http://www.rucomedy.com/
1035	http://www.rucomedy.com/comedy-club/smotrite-kto-prishel.htm
1035	http://www.rucomedy.com/comedy-club/vypuski
1035	http://www.rucomedy.com/resident/aleksandr-revva
1035	http://www.rucomedy.com/resident/garik-xarlamov
1035	http://www.rucomedy.com/resident/pushnoi
1036	http://www.rudata.ru/wiki/%D0%91%D1%8B%D0%BB%D0%B8%D0%BD%D0%B0
1037	http://www.rukikryki.ru/bumaga/raznoe-bumaga/1883-podelki-iz-cvetnoy-bumagi-buket-iz-bumazhnyh-cvetov.html
1038	http://www.runshoot.ru/statistics_shooting_accuracy_man.html
104	http://cs.dshost.ru/pstats/player.php?id=5651&ps_sess_id=a093d9b62df0876f030b566d0fd1c30f
1043	http://www.salebook.ru/?cd=1912
1044	http://www.securitylab.ru/forum/forum18/topic45791/
1048	http://www.shansonprofi.ru/archiv/lyrics/leps/p1/leps_angel_zavtrashnego_dnya.html
1048	http://www.shansonprofi.ru/person/leps/lyrics/leps_angel_zavtrashnego_dnya.html
1050	http://www.sites.google.com/
1052	http://www.slovopedia.com/3/193/775206.html
1052	http://www.slovopedia.com/3/193/775212.html
1054	http://www.smo3.info/humour/Mihail-GALUSTJaN-KVN-Utomlennye-solncem-i-Nasha-Russia-zavjol-psa-redkoi-porody
1060	http://www.sonnik-online.net/znaki_zodiaka/strelets.html
1060	http://www.sonnik-online.net/znaki_zodiaka/strelets_mujchina.html
1064	http://www.spr.ru/
107	http://daz.su/nash-otvet/kultura/11/index.aspx
107	http://daz.su/nash-otvet/kultura/8/index.aspx
1073	http://www.student-agency.ru/the-news/169-photographer-cruise-lines.html
1075	http://www.sukhoi.ru/forum/archive/index.php/t-10171.html
1075	http://www.sukhoi.ru/forum/archive/index.php/t-15479.html
1075	http://www.sukhoi.ru/forum/showthread.php?t=38652
1076	http://www.sunhome.ru/poetry/543466
1077	http://www.superjob.ru/
1078	http://www.surbor.su/enicinfo.php?id=342
1079	http://www.surguthotels.ru/hotels/polaris-hotel.html
108	http://db.spravki.net/moscow/
1084	http://www.text-mp3.ru/get9126342.shtml
1085	http://www.texti-pesen.net/2/S35679391015.html
1086	http://www.textoff.ru/text-chord-26342.html
1087	http://www.textologia.ru/slovari/literaturovedcheskie-terminy/bil/?q=458&n=36
109	http://de.academic.ru/dic.nsf/russian_history/9608/%D0%91%D0%AB%D0%9B%D0%98%D0%9D%D0%AB
1090	http://www.thg.ru/game/crysis_performance/onepage.html
1090	http://www.thg.ru/graphic/
1090	http://www.thg.ru/graphic/luchshaja_videokarta_dlja_igr/luchshaja_videokarta_dlja_igr-05.html
1091	http://www.topauthor.ru/Bilina__CHto_takoe_bilina_3830.html
1092	http://www.toplyrics.biz/lyrics-98652.html
1094	http://www.toy-york.ru/viewpage.php?page_id=25
1095	http://www.toyalba.ru/
1095	http://www.toyalba.ru/otzivsgol.html
1096	http://www.toydogi.ru/
1097	http://www.toymotion.com/
1098	http://www.toyter.com/
1099	http://www.tripadvisor.ru/Hotel_Review-g60763-d674915-Reviews-Desmond_Tutu_Center-New_York_City_New_York.html
110	http://delkipodelki.ru/Iz_Prirodnogo/24_Osenniy_Buket.html
1100	http://www.tumenhotel.ru/hotel.php?city=48&descr=641
1101	http://www.tutu.ru/
1101	http://www.tutu.ru/01.php
1101	http://www.tutu.ru/03.php
1101	http://www.tutu.ru/05.php/
1101	http://www.tutu.ru/07.php/
1101	http://www.tutu.ru/10.php
1101	http://www.tutu.ru/2read/poezda/cheap_train/
1101	http://www.tutu.ru/metro/
1101	http://www.tutu.ru/msk/
1101	http://www.tutu.ru/news/
1101	http://www.tutu.ru/poezda/
1101	http://www.tutu.ru/poezda/rasp_d.php?nnst1=2010441&nnst2=2064788
1101	http://www.tutu.ru/poezda/rasp_d.php?nnst1=8799015&nnst2=8010110
1101	http://www.tutu.ru/prigorod/
1101	http://www.tutu.ru/rasp.php?st1=101&st2=41906
1101	http://www.tutu.ru/sitemap/
1101	http://www.tutu.ru/spb/
1101	http://www.tutu.ru/spb/news.php/
1101	http://www.tutu.ru/station.php?nnst=10402
1101	http://www.tutu.ru/surprise.php
1103	http://www.tvoyhram.ru/slavrelig/slavrelig38.html
1108	http://www.uachat.biz/view/9847
1113	http://www.ukr-biz.net/photo/b115198.htm
1114	http://www.umelyeruchki.ru/podelki/priroda-podelki/360-bukety-iz-suxix-czvetov
1117	http://www.ust-ilimsk.ru/
1117	http://www.ust-ilimsk.ru/index.php
1118	http://www.ustilimsk.ru/
1120	http://www.uznayvse.ru/znamenitosti/%D1%81%D0%B5%D1%80%D0%B3%D0%B5%D0%B9-%D0%B7%D0%B2%D0%B5%D1%80%D0%B5%D0%B2.html
1127	http://www.victor.zll.wedlife.ru/photographers/?country_id=4
1127	http://www.victor.zll.wedlife.ru/photographers/catalog/?country_id=4
1128	http://www.video-serial.ru/blog/1-0-5
1128	http://www.video-serial.ru/blog/shou_comedy_club_vypusk_235/2011-04-09-658
1129	http://www.videokvn.ru/keywords/utomlennye-solncem
1129	http://www.videokvn.ru/news/tishina-dolzhna-byt-v-biblioteke-utomlennye-solncem.htm
113	http://dev.akak.ru/recipes/1702-kak-polzovatsya-avz
1132	http://www.vokrug.tv/person/show/Sergey_Zverev/
1133	http://www.vokrugsveta.ru/publishing/vs/archives?item_id=2155
1134	http://www.volgograd.ru/theme/info/sobytiya/11677.pub
1135	http://www.voproshaika.narod.ru/130.html
1136	http://www.vseodetyah.com/article.html?id=844&menu=parent
1138	http://www.vseslova.ru/index.php?dictionary=abramov&word=bil
1142	http://www.waterdispenser.ru/chto/bylina_508.html
1146	http://www.wedlife.ru/photographers/?country_id=4
1147	http://www.wedmarka.ru/wedding/sia/
1148	http://www.weltkrieg.ru/forums/archive/index.php/t-280.html
115	http://dic.academic.ru/dic.nsf/brokgauz_efron/103698/%D0%A2%D1%83%D1%82%D1%83
115	http://dic.academic.ru/dic.nsf/enc_colier/5757/%D0%A2%D0%A3%D0%A2%D0%A3
1152	http://www.xliby.ru/transport_i_aviacija/tehnika_i_vooruzhenie_2001_07/p2.php
1154	http://www.yell.ru/
1155	http://www.youtube.com/watch?v=-ttDBOqTtJE
1155	http://www.youtube.com/watch?v=3nLE_3GtGJY
1155	http://www.youtube.com/watch?v=8bPIaqdE6s4
1155	http://www.youtube.com/watch?v=BeZebDF-w08
1155	http://www.youtube.com/watch?v=GnYDjKuOPp4
1155	http://www.youtube.com/watch?v=LfR1rYXKaQM
1155	http://www.youtube.com/watch?v=QDcomRWogFE
1155	http://www.youtube.com/watch?v=Y3n47xZb0b4
1155	http://www.youtube.com/watch?v=j_Ci0DxcGq0
1155	http://www.youtube.com/watch?v=oISMRbaJVuo
1156	http://www.yuga.ru/articles/culture?id=3378
1158	http://www.zapross.ru/
1160	http://www.zexe.de/modules.php?name=Pages&pa=showpage&pid=816
1161	http://www.zone-x.ru/showtov.asp?Cat_id=541145
1162	http://www.zooclub.com.ua/1925
1162	http://www.zooclub.com.ua/685
1165	http://www.zvezdi.ru/artists/sergey_zverev/biography
1165	http://www.zvezdi.ru/catalog/Z/sergey_zverev.html
1166	http://www.zvuki.ru/S/P/60690
117	http://digittop.com/digifoto/117-sovremennye-zarubezhnye-fotografy-poliksena-papapetrou.html
1176	http://yanko.lib.ru/books/hist/ist_sred_vv-mgu-a.htm
1177	http://yasmile.ru/top-kamedi-klab/
1178	http://yesway.ru/raboty-fotografa-yann-arthus-bertrand.html
1179	http://yoursputnik.ru/video-card-performance/4377
1180	http://z-oleg.com/secur/avz/
1180	http://z-oleg.com/secur/avz/download.php/
1180	http://z-oleg.com/secur/avz_doc/
1182	http://zapil77.by.ru/kubok-kvn-g-dubna.html
1184	http://zhitejnik.ru/aktery-rezhissery-tele/2210-zaxarov-sergej-zakharov-sergey.html
1188	http://zoolife.com.ua/pageid838.html
1189	http://zvuki.pasha.ru/S/P/60690
119	http://distributed.org.ua/index.php?go=Pages&in=view&id=4
121	http://do-by-hands.ru/kvilling/otkrytka-na-den-rozhdeniya-v-texnike-kvilling/
122	http://do.gendocs.ru/docs/index-90329.html
127	http://econominfo.ru/view-article.php?id=53
13	http://802351.info/5964-v-avstralii.html
130	http://edu.ust-ilimsk.ru/
132	http://ejka.ru/blog/podelki/1302.html
134	http://ekranka.tv/video/kamedi-klab
136	http://elyric.com.ua/song/3098.html
137	http://enc-dic.com/enc_music/Bylina-1225.html
143	http://eventcatalog.ru/artist/valera_chigincev/
145	http://fan-musicclub.ru/texts/allegrova/angel_zavtrashnego_dnya_.php
147	http://festival.1september.ru/articles/418103/
148	http://fictionbook.ru/ru/author/burcev_viktor/almazniye_2_almaznaya_realnost/similar
15	http://8353sms.ru/2011/04/05/314/
150	http://forbaby.org.ua/master/otkrytki-i-podelki-svoimi-rukami/238-buket-cvetov-podelka-iz-bumagi.html
152	http://forum.armkb.com/games/1861-ljubiteljam_aviasimov.html
153	http://forum.aviasibir.ru/showthread.php?s=e75cbe2c6b026dda6bc2f7dc1c82fdee&t=978&goto=nextoldest
154	http://forum.awd.ru/viewtopic.php?f=76&t=160801&p=2891996
154	http://forum.awd.ru/viewtopic.php?t=160801&p=2917312
157	http://forum.kanal7.ru/archive/index.php/t-2551-p-4.html
159	http://forum.northnet.ru/archive/index.php/t-173-p-2.html
16	http://8marta.dworik.com/tag/buket-cvetov/
160	http://forum.oszone.net/nextoldesttothread-114627.html
160	http://forum.oszone.net/post-572043.html
162	http://forum.sudden-strike.ru/archive/index.php/t-3450.html
162	http://forum.sudden-strike.ru/printthread.php?s=e25a2a4424d35c1169e4878d90f47238&t=3695&pp=40
163	http://forum.wbfree.net/forums/archive/index.php/t-14512.html
164	http://forum.zaural.ru/index.php?topic=3924.0
165	http://forum.zaycev.net/index.php?act=ST&f=52&t=42224
167	http://forums.airbase.ru/2004/04/13/topic-22124,3--Otsenka-Il-2.html
17	http://accords.com.ua/song21717.html
175	http://gamegpu.ru/%D0%BF%D1%80%D0%BE%D0%B8%D0%B7%D0%B2%D0%BE%D0%B4%D0%B8%D1%82%D0%B5%D0%BB%D1%8C%D0%BD%D0%BE%D1%81%D1%82%D1%8C-%D0%B2%D0%B8%D0%B4%D0%B5%D0%BE%D0%BA%D0%B0%D1%80%D1%82/%D0%BF%D1%80%D0%BE%D0%B8%D0%B7%D0%B2%D0%BE%D0%B4%D0%B8%D1%82%D0%B5%D0%BB%D1%8C%D0%BD%D0%BE%D1%81%D1%82%D1%8C-%D0%B2%D0%B8%D0%B4%D0%B5%D0%BE%D0%BA%D0%B0%D1%80%D1%82/
175	http://gamegpu.ru/производительность-видеокарт/производительность-видеокарт/
176	http://gamer.lipetsk.ru/forum/showpost.php?s=1b67e85017a8966dfbb35e5709575fe1&p=194087&postcount=236
18	http://adalin.mospsy.ru/l_03_00/l0212.shtml
187	http://gmstar.ru/
190	http://goroskop-na-segodnya.com/rak.html
192	http://grand-tandem.narod.ru/
194	http://gudok.akos.ru/pages/rbt_cat/idp=2472&cat=40&theme=&inname=%CA*&numpage=2&orderby=
195	http://gudzonhost.ru/indexns.php?n=5&id=1938
198	http://gydyny.hotmail.ru/ti-moya-nenaglyadnaya-n.html
20	http://adresa.yandex.ru/?region=1
201	http://hh.ru/employer/5325/
202	http://home-bank.kz/
203	http://home.live.com/
204	http://horo.mail.ru/narration/sagittarius/
204	http://horo.mail.ru/prediction/sagittarius/today/
205	http://horo.ua/strelec/
206	http://horoscop.onru.ru/sagittarius/psychological
207	http://horoscopes.rambler.ru/index.html?s=60558&ss=60566&sign=sagittarius
208	http://hosting.agava.ru/faq/general/domain.shtml
209	http://hot-100.biz/?buff_link&section_id=2&link_id=1359
21	http://adresnoe.info/
211	http://hotels-surgut.ru/
212	http://hotels.tutu.ru/
212	http://hotels.tutu.ru/city/491/moskva/
212	http://hotels.tutu.ru/city/75/sankt-peterburg/
212	http://hotels.tutu.ru/country/
213	http://hraplgroup.ru/progi_nokia_5500.php
214	http://hubu.ru/#ru%2Fcmp%2F%3Fcmp=246367
216	http://ideidetsploshad.info/publ/ispolzuemye_materialy/nashi_stati/jolochnye_shariki_iz_plastikovykh_butylok/19-1-0-416
216	http://ideidetsploshad.info/publ/ofrormlenie_detskoj_ploshhadki/zimnee_i_novogodnee_oformlenie/jolochnye_shariki_iz_plastikovykh_butylok/46-1-0-416
218	http://ifamous.me/blog/fotografii/7112.html
219	http://il-2.narod.ru/DOCs/il2fb_ma.pdf
22	http://advokatkurbatskiy.ru/adresno-telefonnyy_spravochnik_mvd_
220	http://il2.aplus.by/index.php?cstart=2&do=cat&category=aircraft
221	http://il2.mega.kg/stat/find.php?id=714
222	http://il2.netbynet.ru/df/find.php?id=315
222	http://il2.netbynet.ru/forum/index.php?showtopic=63&st=0&p=926&
222	http://il2.netbynet.ru/forum/printthread.php?s=8a04bb68f618a2095c70ba668da2b30a&t=63
222	http://il2.netbynet.ru/modules.php?name=News&file=print&sid=3
223	http://il2.org.ru/commands.php
223	http://il2.org.ru/me262.php
224	http://il2.skyline.kh.ua/forum/viewtopic.php?f=16&t=42
224	http://il2.skyline.kh.ua/forum/viewtopic.php?f=16&t=42&sid=baab7a629ea2615701e9f067582b1c5c
224	http://il2.skyline.kh.ua/forum/viewtopic.php?f=42&t=393
224	http://il2.skyline.kh.ua/forum/viewtopic.php?p=173
225	http://ilimcity.ru/video/yumor/tv/veduschii-ugaraet-v-prjamom-yefire.html
228	http://imjuli-au.livejournal.com/
228	http://imjuli-au.livejournal.com/tag/%D1%84%D0%BE%D1%82%D0%BE
229	http://immiau.ru/chance/
230	http://inf.by/library/1394
232	http://infobaza.org/
235	http://interpretive.ru/dictionary/395/word/%C1%DB%CB%C8%CD%DB
235	http://interpretive.ru/dictionary/443/word/%C1%DB%CB%C8%CD%C0
236	http://interweb.spb.ru/phone/
238	http://irc.lv/video?id=I0Q63COnkQwg
238	http://irc.lv/video?id=MuBPIfRbvpQn
238	http://irc.lv/video?id=PQ4d9ZcYa1Wx
24	http://afisha.mail.ru/277/
24	http://afisha.mail.ru/cinema/movies/646462_esli_by_da_kaby/
240	http://irkutsk.rfn.ru/region/rnews.html?id=1345&rid=341
241	http://isfic.info/urhis/teris119.htm
242	http://istokdogs.narod.ru/
246	http://jhist.org/code/ettinger5_02.htm
248	http://jooble.com.ua/search-vacancy-ukraina/ctg-all/kw-zE2zF0zE0zF7zE8z20zE4zEBzFFz20zF0zE0zE1zEEzF2zFBz20zE2z20zE0zEDzE3zEBzE8zE8z20zEAzE0zEDzE0zE4zE5z20zFDzECzE8zF0zE0zF2zE0zF5z20zF1zF8zE0z20zE8z20zE0zE2zF1zF2zF0zE0zEBzE8zE8
249	http://jooov.net/text/728777/leps-angel_zavtrashnego_dnya.htmls
253	http://kamusic.ru/search/%D1%82%D1%83%D1%82%D1%83/
255	http://kapeldiner.ru/html/il2_page_6.html
256	http://kaylene.ucoz.ru/forum/8-277-1
258	http://kharkov.nezabarom.ua/ua/events/Den-rojdeniya-kluba-MistoKVN-Utomlennye-solncem
259	http://kinovam.com/teleperedachi/5605-novyj-kamedi-klab-luchshee-2012.html
259	http://kinovam.com/ymor/5822-novyj-kamedi-klab.html
261	http://kissmekiss.ucoz.ru/forum/81-369-
262	http://kivinka.ru/index.php?newsid=579
263	http://knigakolli.narod.ru/sms/ancorpri.html
267	http://kommentu.ru/Kommentarii-devushke/-10.html
27	http://akak.ru/recipes/1702-kak-polzovatsya-avz
271	http://kpacmuxu.ru/nezhnaja-dobraja-milaja
272	http://kpacoma2.narod.ru/picmo.htm
273	http://kreiz.ko3.ru/kak_pravilno_ispolzovat_antivirusnuyu_utilitu_avz__
277	http://kvn-online.com/command/utomlennye-solncem
278	http://kvnru.ru/06.01.2004/1/
279	http://kwn.nnm.ru/kvn_utomlennye_solncem
28	http://akhalkalaki.net/load/kvn/utomlennye_solncem/35
280	http://lad-lad.ru/novyj-god/169-podelki-k-novomu-godu-svoimi-rukami/1309-elochnye-igrushki-iz-gorlyshka-plastikovoj-butylki.html
281	http://laminortv.ru/478/?id=1812
284	http://lenta.ru/news/2007/08/16/doroshok
285	http://lessons.sch1636.edusite.ru/p19aa1.html
290	http://lib.web-malina.com/getbook.php?bid=2405&page=1
292	http://lim.60333.ru/uitrk
294	http://literary_criticism.academic.ru/48/%D0%B1%D1%8B%D0%BB%D0%B8%D0%BD%D0%B0
296	http://liuboznatka.com/?p=309
297	http://live-film.net/comedii-online/239-novyy-kamedi-klab-comedy-club-novye-vypuski.html
299	http://livemusic.org.ua/song/418689.html
302	http://lovekino.tv/load/kvn_i_comedy_club/27
303	http://loveyou.nsknet.ru/priznanie
303	http://loveyou.nsknet.ru/priznanie/ona
303	http://loveyou.nsknet.ru/sona-2
304	http://lrnews.ru/blog/post/159284.htm
306	http://luntiki.ru/blog/podelki/626.html
308	http://lyricsreal.com/ru/grigorij-leps/angel-zavtrashnego-dnja.html
309	http://lyrika.nm.ru/Allegrova/AngelZavtrashnegoDnja.htm
309	http://lyrika.nm.ru/LepsGrigorij/AngelZavtrashnegoDnja.htm
312	http://maders.ru/load/igrushki/jolochnyj_sharik_iz_plastikovoj_butylki/13-1-0-78
313	http://mail.ru/planes/il-2/il-2-3.htm
314	http://malinky.ru/2007/08/17/narezka_kvn.utomlennye_solncem.babushka_siranush..html
316	http://mamaschool.ru/prazdniki/master-klass-elochnoe-ukrashenie-zvezda-iz-plastikovoj-butylki
318	http://manofart.ru/cvadebnyj-fotograf-jerry-ghionis-avstraliya/
319	http://maps.google.ru/maps?num=10&um=1&ie=UTF-8&q=%D0%A2%D0%B5%D0%BB%D0%B5%D1%84%D0%BE%D0%BD%D0%BD%D1%8B%D0%B9+%D1%81%D0%BF%D1%80%D0%B0%D0%B2%D0%BE%D1%87%D0%BD%D0%B8%D0%BA&near=%D0%9C%D0%BE%D1%81%D0%BA%D0%B2%D0%B0&fb=1&view=text&sa=X&oi=local_group&resnum=4&ct=more-results&cd=1
32	http://all-biography.ru/alpha/z/zverev-sergej-zverev-sergey
320	http://maripak-corp.ru/tekst_pesni_leps.php
321	http://master.forblabla.com/blog/45407360744
321	http://master.forblabla.com/blog/45407360744/YOlochnyie-igrushki-iz-plastikovyih-butyilok-(foto)
322	http://masterclassy.ru/drugoe/156-elochnye-igrushki-svoimi-rukami.html
322	http://masterclassy.ru/podelki/detskie-podelki/1094-vesennie-podelki-v-detskom-sadu-buket-cvetov-master-klass.html
322	http://masterclassy.ru/podelki/podelki-k-prazdnikam/3830-zimniy-buket-podelka.html
323	http://masterhost.ru/support/doc/php/
324	http://masteroff.org/42493.html
328	http://maxbooks.ru/kultur/isku34.htm
33	http://all-hit.tv/1416-kamedi-klab-smotret-onlayn-besplatno.html
330	http://megalyrics.ru/bio/%D1%81%D0%B5%D1%80%D0%B3%D0%B5%D0%B9-%D0%B7%D0%B2%D0%B5%D1%80%D0%B5%D0%B2.htm
330	http://megalyrics.ru/lyric/%D0%B3-%D0%BB%D0%B5%D0%BF%D1%81-%D0%B8-%D0%B8-%D0%B0%D0%BB%D0%B5%D0%B3%D1%80%D0%BE%D0%B2%D0%B0/%D0%B0%D0%BD%D0%B3%D0%B5%D0%BB-%D0%B7%D0%B0%D0%B2%D1%82%D1%80%D0%B0%D1%88%D0%BD%D0%B5%D0%B3%D0%BE-%D0%B4%D0%BD%D1%8F.htm
331	http://megarotator.com/goroskop/2220-harakteristika-znaka-zodiaka-strelec.html
332	http://men.jpgs.ru/persons/others/sergey_zverev/
333	http://metamarket.ua/item/603280.htm
336	http://mgts.ru/folders/2916
336	http://mgts.ru/home/information-service/09/
339	http://minusovochki.net.ru/?page=arhiv
340	http://mirpesen.com/ru/grigorij-leps/angel-zavtrashnego-dnja.html
341	http://mirslovarei.com/content_etn/Bylina-87.html
341	http://mirslovarei.com/content_his/byliny-46116.html
344	http://mkstanislavovna.livejournal.com/52481.html
345	http://moksu.pp.net.ua/board/2-1-0-102
35	http://allegrova.narod.ru/texts.html
350	http://mp3ostrov.com/?string=%F2%FB%20%EA%F0%E0%F1%E8%E2%E0%FF%20%EC%E8%EB%E0%FF
351	http://mp3prima.com/mp3poisk/%D0%9C%D0%B8%D0%BB%D0%B0%D1%8F
356	http://mskphone.ru/
357	http://music.lib.ru/g/gajdamak_a/alb2.shtml
358	http://musvid.net/muscat/%D2%F3%F2%F3+%F2%F3%F2%F3/
359	http://muzanator.com/track/%D0%A2%D0%A3%D0%A2%D0%A3
360	http://muzda.ru/mp3/%D0%9C%D0%B8%D0%BB%D0%B0%D1%8F+%D1%82%D1%8B+%D0%BA%D0%B0%D0%BA+%D1%81%D0%BE%D0%BB%D0%BD%D1%86%D0%B5+%D0%BA%D1%80%D0%B0%D1%81%D0%B8%D0%B2%D0%B0%D1%8F/
361	http://muzico.ru/index.php?m=music&q=%D0%BC%D0%B8%D0%BB%D0%B0%D1%8F%20%D1%82%D1%8B%20%D0%BA%D0%B0%D0%BA%20%D1%81%D0%BE%D0%BB%D0%BD%D1%86%D0%B5%20%D0%BA%D1%80%D0%B0%D1%81%D0%B8%D0%B2%D0%B0%D1%8F%20&x=20&y=16
361	http://muzico.ru/index.php?m=music&q=%D0%BC%D0%B8%D0%BB%D0%B0%D1%8F%20%D1%82%D1%8B%20%D0%BA%D0%B0%D0%BA%20%D1%81%D0%BE%D0%BB%D0%BD%D1%86%D0%B5%20%D0%BA%D1%80%D0%B0%D1%81%D0%B8%D0%B2%D0%B0%D1%8F&x=0&y=0
361	http://muzico.ru/index.php?m=music&q=%D1%81%D0%B0%D0%BC%D0%B0%D1%8F%20%D0%BC%D0%B8%D0%BB%D0%B0%D1%8F&x=10&y=15
362	http://muzofon.com/search/%D0%94%D0%B5%D0%B2%D1%83%D1%88%D0%BA%D0%B0%20%D0%BC%D0%B8%D0%BB%D0%B0%D1%8F
362	http://muzofon.com/search/%D0%BC%D0%B8%D0%BB%D0%B0%D1%8F
362	http://muzofon.com/search/%D0%BC%D0%B8%D0%BB%D0%B0%D1%8F%20%D1%82%D1%8B%20%D0%BA%D0%B0%D0%BA%20%D1%81%D0%BE%D0%BB%D0%BD%D1%86%D0%B5
362	http://muzofon.com/search/%D0%BC%D0%B8%D0%BB%D0%B0%D1%8F%20%D1%82%D1%8B%20%D0%BA%D0%B0%D0%BA%20%D1%81%D0%BE%D0%BB%D0%BD%D1%86%D0%B5%20%D0%BA%D1%80%D0%B0%D1%81%D0%B8%D0%B2%D0%B0%D1%8F
362	http://muzofon.com/search/%D0%BC%D0%B8%D0%BB%D0%B0%D1%8F%20%D1%82%D1%8B%20%D0%BA%D0%B0%D0%BA%20%D1%81%D0%BE%D0%BB%D0%BD%D1%86%D0%B5%20%D0%BA%D1%80%D0%B0%D1%81%D0%B8%D0%B2%D0%B0%D1%8F%20%20%D0%BA%D1%80%D0%B8%D1%87%D0%B5%D0%B2%D1%81%D0%BA%D0%B8%D0%B9
362	http://muzofon.com/search/%D0%BC%D0%B8%D0%BB%D1%8B%D0%B9%20%D0%BA%D1%80%D0%B0%D1%81%D0%B8%D0%B2%D1%8B%D0%B9
362	http://muzofon.com/search/%D1%82%D1%8B%20%D1%81%D0%B0%D0%BC%D0%B0%D1%8F%20%D0%BA%D1%80%D0%B0%D1%81%D0%B8%D0%B2%D0%B0%D1%8F%20%D0%BD%D0%B5%D0%B6%D0%BD%D0%B0%D1%8F%20%D0%B8%20%D0%BC%D0%B8%D0%BB%D0%B0%D1%8F
363	http://mvagin.narod.ru/texts/snipers/snipers01.htm
369	http://n-t.ru/nl/mr/tutu.htm
37	http://alllyr.ru/text88341.html
370	http://nacelo.ru/61483/1822685/1
371	http://narodznaet.ru/articles/chto-takoe-bilina.html
373	http://necessary-soft.net/misc/103661-telefonnyj-spravochnik-mgts-moskva-2011.html
374	http://netler.ru/ikt/avz.htm
376	http://news.unipack.ru/28291/
377	http://news.yandex.ru/people/zverev_sergej.html
38	http://alloy.ru/profile/838892015.html
381	http://nnm.ru/blogs/ksenat/istoriya_zapadnoevropeyskoy_literatury_srednie_veka_i_vozrozhdenie_audiokniga/
387	http://nu-mama.ru/publ/detskoe_tvorchestvo/podelka_k_8_marta_buket_cvetov/12-1-0-127
392	http://onfillm.ru/best_shou/1561-komedi-klab-comedy-club-2005-2012-smotret-onlayn-besplatno-vse-serii-novyy-sezon-comedy-club-2012-onlayn.html
393	http://online.stepashka.com/serialy/tv/8699-novyy-kamedi-klab-comedy-club-2010-2012.html
397	http://otelin.ru/surgut/polaris
398	http://otherreferats.allbest.ru/culture/00009213_0.html
398	http://otherreferats.allbest.ru/culture/00042771.html
398	http://otherreferats.allbest.ru/culture/00042771_0.html
399	http://otvet.mail.ru/question/17935958
399	http://otvet.mail.ru/question/19561137
399	http://otvet.mail.ru/question/22087391
399	http://otvet.mail.ru/question/27337240
400	http://otvetin.ru/another/13881-chto-takoe-bylina.html
401	http://otvety.google.ru/otvety/thread?tid=1051334195c4ba02
401	http://otvety.google.ru/otvety/thread?tid=4bddf780c818dbf6
402	http://p-i-f.livejournal.com/1157330.html
403	http://pchelpforum.ru/f26/t22477/
403	http://pchelpforum.ru/f26/t26350/
403	http://pchelpforum.ru/f26/t62115/
407	http://persona.rin.ru/view/f/0/29993/zverev-sergej
407	http://persona.rin.ru/view/f/0/36653/zverev-sergej-mladshij
408	http://pesni-text.ru/song/%D0%93%D1%80%D0%B8%D0%B3%D0%BE%D1%80%D0%B8%D0%B9-%D0%9B%D0%B5%D0%BF%D1%81/%D0%90%D0%BD%D0%B3%D0%B5%D0%BB-%D0%97%D0%B0%D0%B2%D1%82%D1%80%D0%B0%D1%88%D0%BD%D0%B5%D0%B3%D0%BE-%D0%94%D0%BD%D1%8F
409	http://petland.org.ua/mode-article/pge-944.html
41	http://amorami.com.ua/526/print
410	http://phone.desk.ru/
411	http://phone.febus.net/
412	http://phototalents.ru/lyudi/letnie-foto-devushek-ot-nirrimi-faerbrejs.html
413	http://pitomnik.pp.net.ua/dir/47
416	https://play.google.com/store/apps/details?id=ru.tutu.etrains
418	http://pocket-video.com.ua/index.php?newsid=1157400829
418	http://pocket-video.com.ua/index.php?newsid=1167124564
421	http://podelki-doma.ru/handmade/iz-vsyakoy-vsyachinyi/elochnyie-igrushki-iz-plastikovyih-butyilok
422	http://podelki.boxter.org/p76
424	http://porniksaulastinus4.solidwebhost.com/tv-vedushhijj-vakansii.html
428	http://poteha.irk.ru/art_69.htm
429	http://pozdravok.ru/pozdravleniya/imena/anastasiya/3.htm
435	http://pricol-tv.ucoz.net/load/kvn/utomlennye_solncem/8
435	http://pricol-tv.ucoz.net/photo/kvn/utomlennye_solncem/3-2-0-0-2
441	http://pulssana.ru/kurort-rus-ust-ilimsk.html
442	http://push-sms.ru/nochsms3.html
444	http://qalib.ru/answer.php?title=1-258
449	http://rabota.yandex.ru/search.xml/?job_industry=123&rid=39&text=%D1%84%D0%BE%D1%82%D0%BE%D0%B3%D1%80%D0%B0%D1%84
449	http://rabota.yandex.ru/search.xml/?job_industry=123&text=%D1%84%D0%BE%D1%82%D0%BE%D0%B3%D1%80%D0%B0%D1%84&rid=39
450	http://rabotatam.ru/forum/21-avstralija/
451	http://rassvet.websib.ru/text.htm?no=36&id=3
455	http://re-port.ru/press/2260
456	http://refak.ru/referat/1833/
46	http://arslan.at.ua/horoscopes/9.htm
465	http://robotlibrary.com/book/55-istoriya-i-kulturologiya/30-51-obshhaya-xarakteristika-evropejskogo-srednevekovya.html
466	http://rtube.ru/blog/2006-11-09-56
467	http://ru-ru.facebook.com/photographer.in.australia
467	http://ru-ru.facebook.com/photographer.in.australia?filter=1
468	http://ru-toy.ru/
47	http://art-domain.info/
471	http://ru.m.wikipedia.org/wiki/%D0%9A%D1%83%D1%87%D0%BD%D0%BE%D1%81%D1%82%D1%8C_%D1%81%D1%82%D1%80%D0%B5%D0%BB%D1%8C%D0%B1%D1%8B
471	http://ru.m.wikipedia.org/wiki/%D0%A3%D1%81%D1%82%D1%8C-%D0%98%D0%BB%D0%B8%D0%BC%D1%81%D0%BA
472	http://ru.wikipedia.org/wiki/%C1%FB%E2%E0%EB%FC%F9%E8%ED%E0
472	http://ru.wikipedia.org/wiki/%C7%E2%E5%F0%E5%E2,_%D1%E5%F0%E3%E5%E9_%C0%ED%E0%F2%EE%EB%FC%E5%E2%E8%F7
472	http://ru.wikipedia.org/wiki/%C8%F0%EB%E0%ED%E4%F1%EA%E8%E9_%F2%E5%F0%FC%E5%F0
472	http://ru.wikipedia.org/wiki/%D0%91%D1%8B%D0%BB%D0%B8%D0%BD%D0%B0
472	http://ru.wikipedia.org/wiki/%D0%91%D1%8B%D0%BB%D0%B8%D0%BD%D1%8B
472	http://ru.wikipedia.org/wiki/%D0%92%D0%BE%D0%B7%D1%80%D0%BE%D0%B6%D0%B4%D0%B5%D0%BD%D0%B8%D0%B5
472	http://ru.wikipedia.org/wiki/%D0%94%D0%B5%D1%81%D0%BC%D0%BE%D0%BD%D0%B4_%D0%A2%D1%83%D1%82%D1%83
472	http://ru.wikipedia.org/wiki/%D0%96%D0%B4%D0%B0%D0%BD%D0%BE%D0%B2,_%D0%90%D0%BB%D0%B5%D0%BA%D1%81%D0%B0%D0%BD%D0%B4%D1%80_%D0%9D%D0%B8%D0%BA%D0%BE%D0%BB%D0%B0%D0%B5%D0%B2%D0%B8%D1%87_(%D1%84%D0%BE%D1%82%D0%BE%D0%B3%D1%80%D0%B0%D1%84)
472	http://ru.wikipedia.org/wiki/%D0%97%D0%B2%D0%B5%D1%80%D0%B5%D0%B2%2C_%D0%A1%D0%B5%D1%80%D0%B3%D0%B5%D0%B9_%D0%90%D0%BB%D0%B5%D0%BA%D1%81%D0%B5%D0%B5%D0%B2%D0%B8%D1%87
472	http://ru.wikipedia.org/wiki/%D0%97%D0%B2%D0%B5%D1%80%D0%B5%D0%B2,_%D0%A1%D0%B5%D1%80%D0%B3%D0%B5%D0%B9_%D0%90%D0%BD%D0%B0%D1%82%D0%BE%D0%BB%D1%8C%D0%B5%D0%B2%D0%B8%D1%87
472	http://ru.wikipedia.org/wiki/%D0%A0%D0%95%D0%9D_%D0%A2%D0%92
472	http://ru.wikipedia.org/wiki/%D0%A1%D1%80%D0%B5%D0%B4%D0%BD%D0%B8%D0%B5_%D1%82%D0%BE%D1%80%D0%B3%D0%BE%D0%B2%D1%8B%D0%B5_%D1%80%D1%8F%D0%B4%D1%8B
472	http://ru.wikipedia.org/wiki/%D0%A2%D0%BE%D0%B9-%D1%82%D0%B5%D1%80%D1%8C%D0%B5%D1%80
472	http://ru.wikipedia.org/wiki/%D0%A2%D1%83%D1%82%D1%83,_%D0%94%D0%B5%D1%81%D0%BC%D0%BE%D0%BD%D0%B4
472	http://ru.wikipedia.org/wiki/%D0%A2%D1%83%D1%82%D1%83_(%D0%B1%D0%BE%D0%B3)
472	http://ru.wikipedia.org/wiki/%D0%A3%D0%B1%D0%B0%D1%80-%D0%A2%D1%83%D1%82%D1%83
472	http://ru.wikipedia.org/wiki/%D0%A3%D1%81%D1%82%D1%8C-%D0%98%D0%BB%D0%B8%D0%BC%D1%81%D0%BA
472	http://ru.wikipedia.org/wiki/%D0%A3%D1%82%D0%BE%D0%BC%D0%BB%D1%91%D0%BD%D0%BD%D1%8B%D0%B5_%D1%81%D0%BE%D0%BB%D0%BD%D1%86%D0%B5%D0%BC_(%D0%BA%D0%BE%D0%BC%D0%B0%D0%BD%D0%B4%D0%B0_%D0%9A%D0%92%D0%9D)
472	http://ru.wikipedia.org/wiki/%D1%F0%E5%E4%ED%E5%E2%E5%EA%EE%E2%E0%FF_%F4%E8%EB%EE%F1%EE%F4%E8%FF
472	http://ru.wikipedia.org/wiki/%D1%F0%E5%E4%ED%E8%E5_%E2%E5%EA%E0
472	http://ru.wikipedia.org/wiki/%D3%F2%EE%EC%EB%B8%ED%ED%FB%E5_%F1%EE%EB%ED%F6%E5%EC_(%EA%EE%EC%E0%ED%E4%E0_%CA%C2%CD)
473	http://ru.wiktionary.org/wiki/%D0%B1%D1%8B%D0%BB%D0%B8%D0%BD%D0%B0
473	http://ru.wiktionary.org/wiki/%E1%FB%EB%FC
475	http://rusinfo.info/mgts.php
477	http://russianmadison.com/index.php?go=Page&id=39
479	http://rutube.ru/tracks/72658.html?v=1e995694ecf3461abdf6ee1331a7637e
479	http://rutube.ru/tracks/72676.html
479	http://rutube.ru/tracks/72676.html?v=f0ff8fced43a123a1ac5c973c3334f0f
48	http://artnexx.ru/Art-%D0%BA%D0%B0%D1%82%D0%B0%D0%BB%D0%BE%D0%B3/%D0%9C%D1%83%D0%B7%D1%8B%D0%BA%D0%B0/%D0%9C%D1%83%D0%B7%D1%8B%D0%BA%D0%B0%D0%BB%D1%8C%D0%BD%D1%8B%D0%B5_%D0%B3%D1%80%D1%83%D0%BF%D0%BF%D1%8B?start=120
481	http://s30893898787.mirtesen.ru/_/izplastikovyihbutyilok
481	http://s30893898787.mirtesen.ru/blog/43424728103/Buket-tsvetov-iz-kinder-syurprizov.-Podelki-s-detmi
482	http://samlib.ru/g/galinskij_o/il2-zemljainebo.shtml
485	http://schoolgicines.narod.ru/
487	http://sdelaysam.com.ua/node/54
487	http://sdelaysam.com.ua/node/63
49	http://as.baikal.tv/news/new.html?newsid=2010092433
495	http://shirpotreba.net/katalog.php?id=854
498	http://shop.avanta.ru/index.asp?OfferID=3099773
5	http://16x.zp.ua/find.php?id=13
5	http://16x.zp.ua/sorties.php?sid=812&action=a&id=52
504	http://sklevat.ru/index-b-index-1439895.dll
505	http://slando.ua/zhivotnye/sobaki/toy-terer/
506	http://slovari.yandex.ru/~%D0%BA%D0%BD%D0%B8%D0%B3%D0%B8/%D0%9B%D0%B8%D1%82.%20%D1%8D%D0%BD%D1%86%D0%B8%D0%BA%D0%BB%D0%BE%D0%BF%D0%B5%D0%B4%D0%B8%D1%8F/%D0%91%D1%8B%D0%BB%D0%B8%D0%BD%D1%8B/
507	http://slovoborg.su/definition/%D0%B1%D1%8B%D0%BB%D0%B8%D0%BD%D0%B0
508	http://slovorus.ru/index.php?ID=83782&pg=100&w=%C1%DB%CB%C8%CD%C0&s=%C1&a=
508	http://slovorus.ru/index.php?ID=83793&pg=100&w=%C1%DB%CB%DC&s=%C1&a=
51	http://astro.dvru.ru/strelec
510	http://smotri.com/video/view/?id=v10453fb9d
510	http://smotri.com/video/view/?id=v28077888d6
511	http://sms-warez.narod.ru/nice_s.html
512	http://society.polbu.ru/polyak_worldhistory/ch14_i.html
519	http://songs.ru/search.php?where1=any&where2=any&what=%EB%E5%EF%F1
52	http://astrohit.ru/ast/astro_09.php
520	http://sonikelf.ru/chto-eshhe-umeet-avz-chast-3/
521	http://spb.kp.ru/2007/02/01/doc161469
522	http://spravkaru.net/moscow495/
522	http://spravkaru.net/russia/
523	http://spravki.net/go/phones/Moscow/
524	http://spravo4ka.org.ua/kul'tura/chto-takoe-bylina.html
524	http://spravo4ka.org.ua/kul'tura/chto-takoe-dekameron.html
525	http://spravochnik-09.com/russia/moskva/
526	http://spring.xxbb.ru/viewtopic.php?id=1413
53	http://auscommunity.com/blog/jobs/
53	http://auscommunity.com/tag/%D1%84%D0%BE%D1%82%D0%BE%D0%B3%D1%80%D0%B0%D1%84%20%D0%B2%20%D0%90%D0%92%D1%81%D1%82%D1%80%D0%B0%D0%BB%D0%B8%D0%B8/
53	http://auscommunity.com/tag/%D1%84%D0%BE%D1%82%D0%BE%D0%B3%D1%80%D0%B0%D1%84%20%D0%B2%20%D0%90%D0%B2%D1%81%D1%82%D1%80%D0%B0%D0%BB%D0%B8%D0%B8/
532	http://strana-sovetov.com/hobbies/rukodelie/5663-paper-handicraft-8-march.html
533	http://stranamasterov.ru/node/143575
533	http://stranamasterov.ru/node/169040
533	http://stranamasterov.ru/node/457762
534	http://strelec-club.ru/publ/8
535	http://strelec.akvilon.org.ua/
535	http://strelec.akvilon.org.ua/harakter.htm
536	http://strike.migraph.ru/stats16_1/player.php?id=169713&msort=name&morder=desc
537	http://strong-server.ru/3413-komandy-dlya-povysheniya-tochnosti-strelby.html
54	http://australia-ru.com/forum/index.php?showtopic=4467
541	http://subscribe.ru/catalog/rss.1819
541	http://subscribe.ru/group/klub-sdelaj-sam/2976705/
541	http://subscribe.ru/group/poleznyie-shtuki-domashnij-kompyuter/2846704/
541	http://subscribe.ru/group/rukodelie/3052492/
541	http://subscribe.ru/group/s-detmi-i-dlya-detej/3052407/
543	http://svana987.beon.ru/
544	http://svr-lit.niv.ru/svr-lit/bilety-2/bilet-1.htm
548	http://tfile.me/forum/viewtopic.php?t=30589
55	http://australia.hh.ru/
551	http://tnt-online.ru/smotret-comedy-club.html
552	http://toi-terer.ru/o-sajte.php
553	http://tolkslovar.ru/b8216.html
554	http://tonkosti.ru/%CE%F2%E5%EB%FC_Polaris_%D1%F3%F0%E3%F3%F2_%D0%EE%F1%F1%E8%FF?from=samo
554	http://tonkosti.ru/%D0%9E%D1%82%D0%B5%D0%BB%D1%8C_Polaris_%D0%A1%D1%83%D1%80%D0%B3%D1%83%D1%82_%D0%A0%D0%BE%D1%81%D1%81%D0%B8%D1%8F
555	http://top4sms.ru/41-milye-sms.html
557	http://toy-capital.ru/akkordu_grigorii_leps.php
558	http://toy-dog.info/
559	http://toy-terrier.com.ua/
56	http://australianvisa.ru/?page_id=645
560	http://toy-terrier.info/
560	http://toy-terrier.info/forum/
561	http://toy-terrier.ucoz.ua/
562	http://toy-teryer.ru/
563	http://toyterrier.sitecity.ru/
566	http://transport2cc.ru/grigorii_leps_tekstu.php
568	http://tropicpic.ru/
568	http://tropicpic.ru/australia
57	http://australiawedding.ru/svadebnyj-fotograf.html
570	http://tube.by/search_result.php?search_id=Утомлённые
571	http://tum.hotel.uralregion.ru/hotel.php?city=48
572	http://tune-g.ru/forum/raznoe/741-milaya.html
573	http://tutu-tutu.blog.ru/
574	http://tutu-tutu.ru/
575	http://twitter.com/tutu_ru
583	http://ufalaw.narod.ru/2/kult/kultur/p2_2g1.htm
584	http://ugradom.ucoz.ru/index/surgut_kod_3462/0-19
585	http://uimplus.ru/
594	http://us-kvn.narod.ru/
595	http://users.northnet.ru/il-2/newfile.html
596	http://users.playground.ru/293877
597	http://ust-ilimsk-38.pulset.ru/a_viz1_city.php?lim=0&typeusl=408&id_city=120&usl=%D0%B2%D1%8B%D1%81%D1%82%D0%B0%D0%B2%D0%BE%D1%87%D0%BD%D0%B0%D1%8F%20%D0%B4%D0%B5%D1%8F%D1%82%D0%B5%D0%BB%D1%8C%D0%BD%D0%BE%D1%81%D1%82%D1%8C
597	http://ust-ilimsk-38.pulset.ru/a_viz_city.php?lim=0&tmark=4&id_city=120&posic=1315&tovar=tV-%F2%FE%ED%E5%F0%FB
598	http://ust-ilimsk.europaplus.ru/index.php?go=News&in=view&id=4207
599	http://ust-ilimsk.mobi/board/1
599	http://ust-ilimsk.mobi/index/0-26
599	http://ust-ilimsk.mobi/index/0-30
60	http://avia.tutu.ru/
600	http://ust-ilimsk1.narod.ru/
600	http://ust-ilimsk1.narod.ru/Foto/fotolob/78.html
601	http://ust-ilimsk1.positronica.ru/shop/news/news-314
601	http://ust-ilimsk1.positronica.ru/shop/news/news-333
602	http://uznay.wika.com.ua/news/2008-12-28-590
605	http://vadimvswar.narod.ru/ALL_OUT/TiVOut9801/IL2AT/IL2AT007.htm
608	http://veksredniy.ru/shpargalki_po_istorii_srednih_vekov-klassifikaciya_srednevekovyh_istochnikov_i_ih_obschaya_harakteristika.html
609	http://vepizode.net/kamedi-klab/
610	http://vesti.irk.ru/index.php?article=2003.04.16.20.21
612	http://video.bigmir.net/show/85232/
613	http://video.i.ua/user/14/31/172/
614	http://video.mail.ru/list/queenfire/49/55.html
614	http://video.mail.ru/mail/krishna.rasa/443/
615	http://video.sibnet.ru/video198183-Gonki_na_vyijivanie___TV_syujet/
616	http://videodesign.kiev.ua/forum/showthread.php?p=19232
617	http://videojumor.ru/publ/kamedi_klab_smotret_onlajn/9
618	http://videosmart.ru/modules/files/showfile.php?lid=204
619	http://vidog.ru/
621	http://vk.com/id1058122
621	http://vk.com/olsign
622	http://vkadre24.ru/publ/tv_shou/raznye/kamedi_klab_296_297_vypusk_2005_2012_smotret_onlajn/60-1-0-2317
622	http://vkadre24.ru/publ/tv_shou/raznye/kamedi_klab_299_300_vypusk_2005_2012_smotret_onlajn/60-1-0-2317
623	http://vkontakte.ru/id1058122
624	http://vmusice.net/mp3/%EA%F0%E0%F1%E8%E2%E0%FF%2B%EC%E8%EB%E0%FF%2B%EC%EE%FF
626	http://vparyade.ru/index.php?q=http%3A%2F%2Ftfile.ru%2Fforum%2Fviewtopic.php%3Ft%3D126849%26amp%3Bsid%3Dd485161327356c3f14ecf3719e5757b4
629	http://vse-o-kompyutere.ru/kak-polzovatsya-antivirusom-avz-2/
631	http://war.by-airforce.com/articles/Il-2-antitank-01.html
631	http://war.by-airforce.com/articles/Il-2-antitank-02.html
634	http://webotvet.ru/articles/kommentarii/opredelenie-bilina.html
634	http://webotvet.ru/articles/opredelenie-bilina.html
635	http://wedgo.ru/country/13/avstraliya.html
636	http://wedmen.ru/cat/photo/photo-avstraliya/?r_sortby=highest_rated
638	http://wesseling.ucoz.ru/load/8-1-0-24
640	http://wiki.worldoftanks.ru/%D0%A1%D1%82%D1%80%D0%B5%D0%BB%D1%8C%D0%B1%D0%B0_%D0%B8_%D0%B1%D1%80%D0%BE%D0%BD%D0%B5%D0%BF%D1%80%D0%BE%D0%B1%D0%B8%D0%B2%D0%B0%D0%B5%D0%BC%D0%BE%D1%81%D1%82%D1%8C
644	http://womensnote.ru/index.php/domashniy-ochag/elochnye-igrushki-iz-plastikovykh-butylok.html
645	http://woop.ru/soft/7974-telefonnaja-baza-dannykh-egts-35.5-professional.html
649	http://www.23ag.ru/html/il2_page_13.html
649	http://www.23ag.ru/html/il2_page_2.html
649	http://www.23ag.ru/html/il2_page_6.html
649	http://www.23ag.ru/html/il2_page_8.html
650	http://www.2mm.ru/dosug_malysh/706/
651	http://www.3dnews.ru/video/faq_po_videokartam/
652	http://www.3kanaltv.ru/
652	http://www.3kanaltv.ru/index.php?limitstart=8
661	http://www.agentstvo-prazdnik.ru/audio/performer/3530-korzh_igor/23566-milaja.html
661	http://www.agentstvo-prazdnik.ru/audio/performer/3530-korzh_igor/33657-milaja.html
661	http://www.agentstvo-prazdnik.ru/text/3530/23566
662	http://www.agroru.com/blog/novinki_agpromislennogo_kompleksa/5160.php
663	http://www.airpages.ru/ru/il2_6.shtml
664	http://www.airwar.ru/enc/aww2/il2-shfk37.html
664	http://www.airwar.ru/enc/aww2/il2.html
666	http://www.akviloncenter.ru/zodiac/9.htm
668	http://www.alegri.ru/astrologija/goroskop/strelec-harakteristika-znaka-zodiaka-strelec.html
669	http://www.all-lyrics.biz/songs/leps/angel-zavtrashnego-dnya.html
670	http://www.alleng.ru/d/cult/cult010.htm
671	http://www.allo495.ru/telephones-cat-24.html
672	http://www.alloflyrics.com/lyrics/Sektor-Gaza/Angel-seksa-33261.html
674	http://www.altash.uz/category/utomlyonie_solncem_video
676	http://www.aptechka.agava.ru/appendix/narbikova/shepot3.html
677	http://www.aquaexpert.ru/spa_san/region38/ustilimsky/rusikt/
680	http://www.astrologic-cafe.ru/44.html
681	http://www.astrologics.ru/haracteristica-znakov/strelec.html
682	http://www.athomejobs.co/
683	http://www.audiopoisk.com/track/igor_-korj/mp3/milaa/
684	http://www.august.ru/default.aspx?tab=news&art=48078
686	http://www.australia-europe.org/news-list-ru/items/top-10-samyx-vostrebovannyx-professij-v-avstralii.html
687	http://www.australia.ru/russian/
688	http://www.australiasafari.ru/about
689	http://www.avahost.ru/
690	http://www.avito.ru/catalog/sobaki-89/params.211_1261
691	http://www.avtotoys.ru/grigorii_leps_tekstu.php
693	http://www.babr.ru/?pt=truba&stownR=44
695	http://www.babyblog.ru/user/SvetikL/539266
697	http://www.beeset.ru/index.php?m1=30&m2=60&id=620326
699	http://www.bereg.ru/sprav_info/sprav_tel/tel_msk.shtml
7	http://24-job.com/board/job_australia/232-1-2-0-0-0-11-3
7	http://24-job.com/board/job_australia/232-1-2-0-0-0-17-3
70	http://bigcinema.tv/tvshows/kamedi-klab-serial-2005-.html
703	http://www.bestpeopleofrussia.ru/persona/506/bio/
704	http://www.bestreferat.ru/referat-16073.html
704	http://www.bestreferat.ru/referat-43492.html
706	http://www.bibliotekar.ru/culturologia/22.htm
706	http://www.bibliotekar.ru/culturologia/36.htm
706	http://www.bibliotekar.ru/istoriya/39.htm
707	http://www.bijid.ru/
709	http://www.bisound.com/index.php?name=Files&op=view_file&id=9585142
709	http://www.bisound.com/index.php?name=Files&op=view_file&id=9681651
709	http://www.bisound.com/index.php?name=Files&op=view_file&id=9822863
710	http://www.blitzfront.com/forums/lofiversion/index.php/t2790.html
711	http://www.blogimam.com/2011/10/samodelnye-novogodnie-igrushki-tematicheskij-obzor/
719	http://www.btk-online.ru/
72	http://biographer.ru/biographies/181.html
720	http://www.bullterrier.kiev.ua/enlink/index.php?cat=61
721	http://www.businessinfo.ru/theme_4.html
724	http://www.byliny.ru/
727	http://www.choicehosting.ru/Windows-7-home-basic-domen-4051.html
728	http://www.chtotakoe.info/articles/bylina_508.html
728	http://www.chtotakoe.info/articles/dekameron_509.html
730	http://www.chusovoe.ru/index.php?page=site&pid=222
732	http://www.classes.ru/all-russian/russian-dictionary-Ushakov-term-3951.htm
733	http://www.club.ru/articles/at_leisure/horoscope/characteristic/sagittarius
734	http://www.cmcc.ru/
738	http://www.comedyclub.ru/
739	http://www.comedyportal.net/comedyclub
739	http://www.comedyportal.net/comedyclub/alexander_revva
739	http://www.comedyportal.net/comedyclub/novyi_kamedi_klab_23_noyabrya_2012_vypusk_91
739	http://www.comedyportal.net/comedyclub/novyi_kamedi_klab_8_marta_2012_vypusk_65
739	http://www.comedyportal.net/comedyclub/pavel_volya
741	http://www.compress.ru/article.aspx?id=19361
742	http://www.coolreferat.com/%D0%AD%D0%BF%D0%BE%D1%85%D0%B0_%D1%81%D1%80%D0%B5%D0%B4%D0%BD%D0%B5%D0%B2%D0%B5%D0%BA%D0%BE%D0%B2%D1%8C%D1%8F,_%D0%B5%D1%91_%D1%85%D0%B0%D1%80%D0%B0%D0%BA%D1%82%D0%B5%D1%80%D0%B8%D1%81%D1%82%D0%B8%D0%BA%D0%B0
743	http://www.creativestudio.ru/articles/russell_james.php
745	http://www.csp.ru/archive/index.php/t-133.html
745	http://www.csp.ru/printthread.php?s=d70361f8e9e088cf20c3353d59bad5b9&t=133&page=3&pp=10
745	http://www.csp.ru/showpost.php?s=459afdb6c0e08c63600210d9a34cf3fe&p=2078&postcount=30
749	http://www.darkstar.ru/2007/09/20/kvn-utomlennye-solncem/
751	http://www.davidsbuendler.kz/node/182
754	http://www.degunino.net/forum/printthread.php?s=a730c981a3d579a0469182dcf26d9bbf&t=63
755	http://www.deti03.com/t702-topic
764	http://www.dmosk.ru/programs_work.php?object=5
764	http://www.dmosk.ru/programs_work.php?object=avz
765	http://www.dog-toyter.ru/
767	http://www.domain.com/
769	http://www.domstoy.ru/publ/interer/ukrashenija_i_aksessuary/novogodnie_igrushki_iz_plastikovykh_butylok_mk/59-1-0-378
774	http://www.druzhnikov.com/text/besed/4.html
776	http://www.ecology.md/section.php?section=tech&id=2220
782	http://www.edudic.ru/bes/9202
782	http://www.edudic.ru/etn/87/
783	http://www.egoplast.ru/s1664_c4080.htm
788	http://www.ellf.ru/photographers/29647-raboty-fotografa-nika-xadsona-19-foto.html
788	http://www.ellf.ru/photographers/page/10/
789	http://www.erudition.ru/referat/printref/id.31584_1.html
791	http://www.etoday.ru/photography/
791	http://www.etoday.ru/photography/2012/06/
791	http://www.etoday.ru/photography/2012/07/
791	http://www.etoday.ru/photography/2012/08/
791	http://www.etoday.ru/photography/2012/09/
791	http://www.etoday.ru/photography/2012/10/
791	http://www.etoday.ru/tag/%D0%B8%D0%B7%D0%B2%D0%B5%D1%81%D1%82%D0%BD%D1%8B%D0%B5%20%D1%84%D0%BE%D1%82%D0%BE%D0%B3%D1%80%D0%B0%D1%84%D1%8B
792	http://www.euroadr.ru/
794	http://www.ezosite.ru/astro/zodiaks/zodiaks_232.html
795	http://www.facebook.com/pages/%D0%A1%D1%83%D1%80%D0%B3%D1%83%D1%82-%D0%9E%D1%82%D0%B5%D0%BB%D1%8C-%D0%9F%D0%BE%D0%BB%D1%8F%D1%80%D0%B8%D1%81/246597305387838
797	http://www.falshivim-vmeste.ru/199/14
799	http://www.femina.com.ua/page11/razdel34/board2856.html
8	http://27sysday.ru/kak-polzovatsya-avz-antivirusom/
80	http://blondie.ru/node/12632?page=11
800	http://www.ferra.ru/ru/video/119537/
800	http://www.ferra.ru/ru/video/review/Vybiraem-videokartu-sravnenie-igrovyh-videokart/
801	http://www.fg.ru/new_main/newshow/show.php?news=5499
808	http://www.fresher.ru/2013/01/28/fotografy-za-rabotoj/
808	http://www.fresher.ru/category/feshn-fotografy/
809	http://www.friends.nnov.ru/2007/03/02/razer_death_adder.html
81	http://bobrdobr.ru/tags/user/inettt/%D0%B8%D0%B7+%D0%BF%D0%BB%D0%B0%D1%81%D1%82%D0%B8%D0%BA%D0%BE%D0%B2%D1%8B%D1%85+%D0%B1%D1%83%D1%82%D1%8B%D0%BB%D0%BE%D0%BA/
81	http://bobrdobr.ru/tags/user/inettt/%D1%83%D0%BA%D1%80%D0%B0%D1%88%D0%B5%D0%BD%D0%B8%D1%8F%20%D0%B4%D0%BB%D1%8F%20%D0%B5%D0%BB%D0%BA%D0%B8,%D0%B8%D0%B7+%D0%BF%D0%BB%D0%B0%D1%81%D1%82%D0%B8%D0%BA%D0%BE%D0%B2%D1%8B%D1%85+%D0%B1%D1%83%D1%82%D1%8B%D0%BB%D0%BE%D0%BA/
813	http://www.gamergrad.ru/bf2/weapons/shotguns.php
813	http://www.gamergrad.ru/bf2/weapons/smg.php
813	http://www.gamergrad.ru/cod/weapons/Colt.php
816	http://www.gday.ru/forum/archive/index.php/f-118.html
818	http://www.genon.ru/GetAnswer.aspx?qid=cca729da-a344-4894-b511-106dd355d9c3
821	http://www.gl5.ru/!a/allegrova-irina/allegrova-irina-angel-zavtrachnego-dnya.html
824	http://www.google.ru/search?q=%D1%91%D0%BB%D0%BE%D1%87%D0%BD%D1%8B%D0%B5+%D0%B8%D0%B3%D1%80%D1%83%D1%88%D0%BA%D0%B8+%D0%B8%D0%B7+%D0%BF%D0%BB%D0%B0%D1%81%D1%82%D0%B8%D0%BA%D0%BE%D0%B2%D1%8B%D1%85+%D0%B1%D1%83%D1%82%D1%8B%D0%BB%D0%BE%D0%BA&hl=ru&newwindow=1&tbo=u&source=univ&tbm=vid&sa=X&ei=Qa3RUIGiFeT74QSx0oDQDw&ved=0CGcQqwQ
827	http://www.gorodtv.ru/programs/vopervyh/archive/2895
830	http://www.greets.ru/cat/sms_pozdravleniya_dlya_lyubimyh/lyubimaya/
833	http://www.hella.ru/code/city/moscow.htm
834	http://www.heo.ru/sms/love/nice_s/new.php
835	http://www.hoster.ru/
836	http://www.hotel-in-russia.ru/2044.php
837	http://www.hotelpolaris.ru/
837	http://www.hotelpolaris.ru/billiards/
837	http://www.hotelpolaris.ru/contacts/
837	http://www.hotelpolaris.ru/hotel/
837	http://www.hotelpolaris.ru/hotel/price/
837	http://www.hotelpolaris.ru/hotel/reservation/
837	http://www.hotelpolaris.ru/hotel/s2/
837	http://www.hotelpolaris.ru/index/
837	http://www.hotelpolaris.ru/restaurant/
839	http://www.hranitels.ru/forum/showthread.php?t=199
843	http://www.icetext.ru/
845	http://www.iglobe.ru/hotels/europe/russia/surgut/hotel-polaris-464511
847	http://www.il2.play.vsi.ru/sorties.php?sid=57590&action=g&id=534
848	http://www.il2sword.ru/forum/index.php?showtopic=1300
849	http://www.il2tank.com/article_6.php
850	http://www.ilimweb.ru/
850	http://www.ilimweb.ru/ust-ilimsk/12-smi-spravka/13-televidenie-radio/250-radio-retro-fm.html
850	http://www.ilimweb.ru/ust-ilimsk/12-smi-spravka/13-televidenie-radio/33-tv-tretij-kanal.html
850	http://www.ilimweb.ru/ust-ilimsk/2-byudzhetnye/23-mediczina/211-psixonevrologicheskij-dispanser.html
851	http://www.ilimwiki.ru/%D0%A3%D1%81%D1%82%D1%8C-%D0%98%D0%BB%D0%B8%D0%BC%D1%81%D0%BA
853	http://www.info4help.com/
855	http://www.ingushetiya.ru/forum_main/msg_243819_243480.html
856	http://www.inmoment.ru/horoscope/general/strelec.html
859	http://www.intv.ru/view?film_id=18947
859	http://www.intv.ru/view?film_id=18947&playNow=1
859	http://www.intv.ru/view?film_id=7835
860	http://www.inwhat.ru/articles/bylina_508.php
862	http://www.ircenter.ru/ru/search/?city_id=47&cat_id=3786
863	http://www.irinaallegrova.ru/music/text.php?ID=1739
863	http://www.irinaallegrova.ru/music/text_al.php?ID=1739
864	http://www.irk.ru/news/20060724/pozhar.html
865	http://www.irkobl.ru/qa/183.2
866	http://www.irm.ru/content/domen.html
868	http://www.itshop.ru/Reyting-proizvoditelnosti-sovremennyh-videokart/l9i25019
869	http://www.ixbt.com/video3/amd_lineup.shtml
874	http://www.karaoke.ru/catalog/song/16865363
875	http://www.kazakh.ru/talk/mmess.phtml?idt=2609&page=14
876	http://www.kino-teatr.ru/kino/acter/m/star/9404/bio/
876	http://www.kino-teatr.ru/kino/acter/star/9404/bio/
88	http://caxapa.ru/92670.html
880	http://www.klintsy.ru/horoscope/znaki/strelec.html
882	http://www.komandirovka.ru/hotels/surgut/
882	http://www.komandirovka.ru/hotels/surgut/polarishotel/
883	http://www.kommersant.ru/doc.aspx?DocsID=795878
887	http://www.krugosvet.ru/enc/kultura_i_obrazovanie/literatura/BILINA.html
889	http://www.kultu-rolog.ru/library/culturology/kultura-drevnosti-i-srednevekovya/11/1/
895	http://www.liski1.positronica.ru/shop/news/news-314
898	http://www.liveinternet.ru/tags/%E5%EB%EE%F7%ED%FB%E5+%E8%E3%F0%F3%F8%EA%E8+%F1%E2%EE%E8%EC%E8+%F0%F3%EA%E0%EC%E8/
898	http://www.liveinternet.ru/users/787680/post56187698
898	http://www.liveinternet.ru/users/932819/post29115454/play
898	http://www.liveinternet.ru/users/ideidetsploshad/post143863714/
899	http://www.lki.ru/text.php?id=3690
901	http://www.lookatme.ru/flow/posts/photo-radar/100009-juli-balla-glavnyy-fotograf-avstralii
902	http://www.love-travels.ru/australia/svadba-v-avstralii/
903	http://www.lovewithyou.ru/055/chto-takoe-bylina.html
904	http://www.lyricsworld.ru/lyrics/Sektor-Gaza/Angel-seksa-33261.html
905	http://www.madrace.ru/istoriya-srednich-vekov/kurs-istoriya-srednich-vekov/obschaya-charakteristika-zapadnoy-evropi-v-srednie-veka
906	http://www.mam2mam.ru/articles/favorites/article.php?ID=739
908	http://www.masterpoisks.ru/tutu-ru.html
91	http://cheklab.ru/archives/2193
911	http://www.mbui.ru/
920	http://www.metodkabinet.eu/bgm/izotrud/podelki_8_marta.htm
926	http://www.millionpodarkov.ru/podelki/podelka-iz-plastikovyh-butylok-buket-miniatyurnyj-buketik-tsvetov.htm
926	http://www.millionpodarkov.ru/podelki/tsvety/
927	http://www.mindbridge.ru/_clients/tutu/
928	http://www.mini-dogs.ru/toi-terrier
929	http://www.mirkrasiv.ru/articles/peizazhi-iz-edy-avstraliiskogo-fotografa-karla-uornera-carl-warner.html
932	http://www.missfit.ru/zodiac/sagittarius/
936	http://www.modernlib.ru/books/zverev_sergey_ivanovich/
938	http://www.moizvezdi.ru/znamenitosti/biografii/sergej_zverev
939	http://www.mojgorod.ru/irkutsk_obl/ustjilimsk
940	http://www.mos.ru/authority/information/
941	http://www.mosaddress.ru/
942	http://www.mosbd.ru/product_224.html
945	http://www.mp3zzz.ru/song/27511.html
947	http://www.muzic.pp.ru/text/23128-161048.html
948	http://www.mvideo.ru/phorum/post.php?4
949	http://www.my-article.net/get/%D0%BD%D0%B0%D1%83%D0%BA%D0%B0/%D0%B8%D1%81%D1%82%D0%BE%D1%80%D0%B8%D1%8F/%D0%B2%D1%81%D0%B5%D0%BC%D0%B8%D1%80%D0%BD%D0%B0%D1%8F-%D0%B8%D1%81%D1%82%D0%BE%D1%80%D0%B8%D1%8F/%D0%BE%D0%B1%D1%89%D0%B0%D1%8F-%D1%85%D0%B0%D1%80%D0%B0%D0%BA%D1%82%D0%B5%D1%80%D0%B8%D1%81%D1%82%D0%B8%D0%BA%D0%B0-%D0%B7%D0%B0%D0%BF%D0%B0%D0%B4%D0%BD%D0%BE%D0%B5%D0%B2%D1%80%D0%BE%D0%BF%D0%B5%D0%B9%D1%81%D0%BA%D0%BE%D0%B3%D0%BE-%D1%81%D1%80%D0%B5%D0%B4%D0%BD%D0%B5%D0%B2%D0%B5%D0%BA%D0%BE%D0%B2%D1%8C%D1%8F-v-xvii-%D0%B2%D0%B2
950	http://www.my-test.ru/test/info9.html
951	http://www.myberdsk.ru/bitrix/sounds/translate/kak-polzovatsya-avz.php
952	http://www.myui.ru/index/ust_ilimsk/0-5
953	http://www.myvi.ru/ru/videodetail.aspx?video=edb150d5bbfc4a009a4f43875e2ad1c5&ap=1
954	http://www.mywed.ru/photographer/popular/country/4/city/0/
956	http://www.natel.ru/personal
959	http://www.ngavan.ru/gan/a01/b90/c0000/d0526/ind.shtml
960	http://www.nic.ru/
960	http://www.nic.ru/?ipartner=182&adv_id=wkmain
961	http://www.nix.ru/hardware-review/video-graphics-gpu-benchmark-performance.html
961	http://www.nix.ru/support/video_chips_theoretical_performance.html
962	http://www.nomer.org/
962	http://www.nomer.org/moskva/
962	http://www.nomer.org/moskva/-%D0%A2%D0%B5%D0%BB%D0%B5%D1%84%D0%BE%D0%BD%D0%BD%D1%8B%D0%B9
963	http://www.nomorelyrics.net/ru/song/7067.html
964	http://www.notebookcheck-ru.com/Mobilnye-videokarty-sravnenie-videokart-noutbukov-testy-videokart-noutbukov-skorost-i-proizvoditelnost.14096.0.html
966	http://www.ntvplus.ru/forum-user-messages?id=GARAGIK&page=9
967	http://www.numama.ru/blogs/podelki-s-detmi/podelka-buket-cvetov.html
968	http://www.nvidia.ru/html/gpuanalyzer/index.php?game=battlefield-3
97	http://comedyland.ru/
971	http://www.offer.org.ua/view/2008872758.html
973	http://www.ohot-prostory.ru/index.php?option=com_content&task=view&id=1160
973	http://www.ohot-prostory.ru/index.php?option=com_content&task=view&id=1160&Itemid=99999999
975	http://www.openbusiness.ru/html_euro/australia_open4.htm
978	http://www.oszone.net/12764/Compare_AMD_ATI__Nvidia
98	http://comprad.narod.ru/Hardtrable/videocmp.html
980	http://www.otels.ru/2044.htm
980	http://www.otels.ru/surgut.htm
981	http://www.overclockers.ru/lab/21196.shtml
981	http://www.overclockers.ru/lab/41588_11/V_pogone_za_proizvoditelnostju_videokarty._Maj_2011.html
981	http://www.overclockers.ru/lab/50485/Testirovanie_proizvoditelnosti_videokart_AMD_Radeon_HD_7850_v_rezhime_CrossfireX.html
982	http://www.paparazzi.ru/stars/190800/
983	http://www.parter.ru/event.asp?sect=71&event=5232&from=ng
984	http://www.pcwork.ks.ua/load/kak_polzovatsja_avz/1-1-0-181
985	http://www.pedigree.ru/dogs/breeds/toyterrier/
986	http://www.peoples.ru/art/designer/zverev/index1.html
986	http://www.peoples.ru/art/music/stage/allegrova/song_53128.shtml
988	http://www.pesenki.ru/authors/grigorii-leps/angel-zavtra6nego-dna-lyrics.shtml
989	http://www.petsinform.com/toy/index.html
990	http://www.photoshop-prime.ru/Krasivie_kommentarii.htm
991	http://www.phototopic.ru/photo-art/
992	http://www.piplz.ru/page.php?id=183
995	http://www.playground.ru/cheats/il-2_shturmovik_tochnaya_strelba-7335/
995	http://www.playground.ru/files/907/
996	http://www.podelkidoma.ru/node/2230
