402111	работа фотографом в австралии
405851	производительность видеокарт
407522	ёлочные игрушки из пластиковых бутылок
409073	туту
438518	характеристика стрельцов
48815	той терьер
49587	IL2 точность стрельбы
5308	home нет доменов
55082	средние века общая характеристика
58989	Ангел завтрашнего дня +текст
60304	что такое былина
63179	сергей зверев биография
690263	avz как пользоваться
692059	поделка букет цветов
692308	бесплатный просмотр камеди клаб
70357	Телефонный справочник Москвы
70618	тв-ведущие усть-илимск
79514	Гостиница Polaris, Сургут
91889	милая ты как солнце красивая
99543	КВН "Утомленные солнцем"
